sample_index,gesture,repetition,condition,noise_strength,runtime_seconds,ideal_noisy_fidelity
0,1,1,depolarizing,0.001,0.06523290000041015,0.9995000000000005
1,1,2,depolarizing,0.001,0.04220619998523034,1.0
2,1,3,depolarizing,0.001,0.04261360000236891,0.9999999999999998
3,1,4,depolarizing,0.001,0.04164599999785423,1.0
4,1,5,depolarizing,0.001,0.04217709999647923,0.9999999999999996
5,1,6,depolarizing,0.001,0.04172330000437796,1.0
6,2,1,depolarizing,0.001,0.041212999989511445,1.0
7,2,2,depolarizing,0.001,0.041408799996133894,1.0
8,2,3,depolarizing,0.001,0.04243899998255074,0.9999999999999997
9,2,4,depolarizing,0.001,0.04144500000984408,0.9999999999999993
10,2,5,depolarizing,0.001,0.041633599990746006,1.0
11,2,6,depolarizing,0.001,0.04238850000547245,0.9999999999999998
12,3,1,depolarizing,0.001,0.04395590000785887,1.0
13,3,2,depolarizing,0.001,0.04744250001385808,1.0
14,3,3,depolarizing,0.001,0.0444675000035204,0.9999999999999996
15,3,4,depolarizing,0.001,0.046979700011434034,1.0
16,3,5,depolarizing,0.001,0.04410130000906065,0.9999999999999996
17,3,6,depolarizing,0.001,0.04386100001283921,1.0
18,4,1,depolarizing,0.001,0.04460779999499209,1.0
19,4,2,depolarizing,0.001,0.04345379999722354,1.0
20,4,3,depolarizing,0.001,0.04334010000457056,1.0
21,4,4,depolarizing,0.001,0.04279070001211949,1.0
22,4,5,depolarizing,0.001,0.04307600000174716,1.0
23,4,6,depolarizing,0.001,0.04263709997758269,1.0
24,5,1,depolarizing,0.001,0.04487969999900088,1.0
25,5,2,depolarizing,0.001,0.044339100015349686,1.0
26,5,3,depolarizing,0.001,0.04320109999389388,1.0
27,5,4,depolarizing,0.001,0.04405699999188073,0.9999999999999996
28,5,5,depolarizing,0.001,0.0481281999964267,1.0
29,5,6,depolarizing,0.001,0.04472509998595342,0.9999999999999998
30,6,1,depolarizing,0.001,0.044161400001030415,0.9999999999999997
31,6,2,depolarizing,0.001,0.04478610001388006,1.0
32,6,3,depolarizing,0.001,0.044665200024610385,1.0
33,6,4,depolarizing,0.001,0.04309130000183359,0.9994999999999996
34,6,5,depolarizing,0.001,0.04496840000501834,0.9999999999999999
35,6,6,depolarizing,0.001,0.04570729998522438,1.0
36,7,1,depolarizing,0.001,0.04501400000299327,0.9999999999999994
37,7,2,depolarizing,0.001,0.046032600017497316,0.9999999999999996
38,7,3,depolarizing,0.001,0.04444210001383908,1.0
39,7,4,depolarizing,0.001,0.044070799980545416,1.0
40,7,5,depolarizing,0.001,0.04372620000503957,1.0
41,7,6,depolarizing,0.001,0.04228809999767691,1.0
42,8,1,depolarizing,0.001,0.041608600004110485,0.9999999999999997
43,8,2,depolarizing,0.001,0.042642899992642924,0.9999999999999997
44,8,3,depolarizing,0.001,0.043976299988571554,1.0
45,8,4,depolarizing,0.001,0.04232089998549782,1.0
46,8,5,depolarizing,0.001,0.042251700011547655,0.9999999999999999
47,8,6,depolarizing,0.001,0.04270439999527298,0.9999999999999996
48,9,1,depolarizing,0.001,0.04377670001122169,0.9999999999999996
49,9,2,depolarizing,0.001,0.0426150000130292,0.9995000000000005
50,9,3,depolarizing,0.001,0.043595600000116974,1.0
51,9,4,depolarizing,0.001,0.04343660001177341,0.9999999999999991
52,9,5,depolarizing,0.001,0.04170680002425797,1.0
53,9,6,depolarizing,0.001,0.04209810000611469,1.0
54,10,1,depolarizing,0.001,0.0435460000007879,1.0
55,10,2,depolarizing,0.001,0.042816100001800805,1.0
56,10,3,depolarizing,0.001,0.04186529997969046,0.9999999999999993
57,10,4,depolarizing,0.001,0.04277679999358952,0.9999999999999999
58,10,5,depolarizing,0.001,0.04164239999954589,1.0
59,10,6,depolarizing,0.001,0.04193850001320243,1.0
60,11,1,depolarizing,0.001,0.04158409999217838,1.0
61,11,2,depolarizing,0.001,0.042322599998442456,0.9999999999999998
62,11,3,depolarizing,0.001,0.04319199998280965,0.9999999999999994
63,11,4,depolarizing,0.001,0.04146219999529421,0.9995000000000006
64,11,5,depolarizing,0.001,0.04380230000242591,0.9999999999999997
65,11,6,depolarizing,0.001,0.04237800001283176,1.0
66,12,1,depolarizing,0.001,0.04138749997946434,0.9999999999999998
67,12,2,depolarizing,0.001,0.041831100010313094,1.0
68,12,3,depolarizing,0.001,0.04228210001019761,1.0
69,12,4,depolarizing,0.001,0.04170119998161681,0.9999999999999994
70,12,5,depolarizing,0.001,0.04217490000883117,1.0
71,12,6,depolarizing,0.001,0.042042599990963936,1.0
72,13,1,depolarizing,0.001,0.04144749999977648,0.9995000000000009
73,13,2,depolarizing,0.001,0.043112499988637865,1.0
74,13,3,depolarizing,0.001,0.042118399986065924,0.9999999999999999
75,13,4,depolarizing,0.001,0.04141769997659139,0.9995000000000004
76,13,5,depolarizing,0.001,0.041470800002571195,1.0
77,13,6,depolarizing,0.001,0.04177700000582263,1.0
78,14,1,depolarizing,0.001,0.04205660001025535,0.9999999999999998
79,14,2,depolarizing,0.001,0.04150410002330318,0.9999999999999999
80,14,3,depolarizing,0.001,0.0418082999822218,0.9999999999999996
81,14,4,depolarizing,0.001,0.03977360000135377,0.9995000000000006
82,14,5,depolarizing,0.001,0.041993699996965006,1.0
83,14,6,depolarizing,0.001,0.04219779997947626,1.0
84,15,1,depolarizing,0.001,0.041507800022372976,0.9999999999999993
85,15,2,depolarizing,0.001,0.0419975999975577,0.9999999999999998
86,15,3,depolarizing,0.001,0.04770290001761168,0.9999999999999991
87,15,4,depolarizing,0.001,0.04179019998991862,1.0
88,15,5,depolarizing,0.001,0.04162440000800416,0.9999999999999997
89,15,6,depolarizing,0.001,0.04113839997444302,1.0
90,16,1,depolarizing,0.001,0.04112959999474697,1.0
91,16,2,depolarizing,0.001,0.041376099979970604,1.0
92,16,3,depolarizing,0.001,0.04079749999800697,0.9999999999999996
93,16,4,depolarizing,0.001,0.04107749997638166,1.0
94,16,5,depolarizing,0.001,0.04147799999918789,1.0
95,16,6,depolarizing,0.001,0.04131790000246838,1.0
96,17,1,depolarizing,0.001,0.042417599994223565,0.9999999999999996
97,17,2,depolarizing,0.001,0.0424852000141982,1.0
98,17,3,depolarizing,0.001,0.042100699996808544,0.9999999999999998
99,17,4,depolarizing,0.001,0.04265089999535121,0.9999999999999997
100,17,5,depolarizing,0.001,0.041327300015836954,0.9994999999999999
101,17,6,depolarizing,0.001,0.04155930000706576,1.0
0,1,1,depolarizing,0.005,0.04191709999577142,0.9975000000000003
1,1,2,depolarizing,0.005,0.04287309999926947,1.0
2,1,3,depolarizing,0.005,0.04343580000568181,1.0
3,1,4,depolarizing,0.005,0.04156800001510419,1.0
4,1,5,depolarizing,0.005,0.0430151000036858,0.9999999999999996
5,1,6,depolarizing,0.005,0.042033800011267886,1.0
6,2,1,depolarizing,0.005,0.04128689999924973,1.0
7,2,2,depolarizing,0.005,0.041393599996808916,1.0
8,2,3,depolarizing,0.005,0.042393799987621605,0.9999999999999993
9,2,4,depolarizing,0.005,0.04135569999925792,1.0
10,2,5,depolarizing,0.005,0.04174399998737499,1.0
11,2,6,depolarizing,0.005,0.04134279998834245,0.9999999999999996
12,3,1,depolarizing,0.005,0.04146139998920262,0.9999999999999998
13,3,2,depolarizing,0.005,0.04212329999427311,1.0
14,3,3,depolarizing,0.005,0.04171170000336133,0.9999999999999997
15,3,4,depolarizing,0.005,0.043312499998137355,1.0
16,3,5,depolarizing,0.005,0.042748200008645654,0.9999999999999991
17,3,6,depolarizing,0.005,0.0427239999989979,1.0
18,4,1,depolarizing,0.005,0.04352199999266304,0.9999999999999998
19,4,2,depolarizing,0.005,0.04321279999567196,1.0
20,4,3,depolarizing,0.005,0.04284030001144856,1.0
21,4,4,depolarizing,0.005,0.042959999991580844,0.9999999999999999
22,4,5,depolarizing,0.005,0.043017499992856756,1.0
23,4,6,depolarizing,0.005,0.042154000024311244,1.0
24,5,1,depolarizing,0.005,0.04220620001433417,0.9999999999999996
25,5,2,depolarizing,0.005,0.0423206000123173,0.9999999999999998
26,5,3,depolarizing,0.005,0.043080100003862754,1.0
27,5,4,depolarizing,0.005,0.04291049999301322,0.9999999999999998
28,5,5,depolarizing,0.005,0.042472500004805624,0.9999999999999996
29,5,6,depolarizing,0.005,0.042934700002660975,1.0
30,6,1,depolarizing,0.005,0.042040000000270084,0.9999999999999998
31,6,2,depolarizing,0.005,0.04226270000799559,1.0
32,6,3,depolarizing,0.005,0.04163160000462085,1.0
33,6,4,depolarizing,0.005,0.0400859999936074,0.9974999999999999
34,6,5,depolarizing,0.005,0.04053070000372827,1.0
35,6,6,depolarizing,0.005,0.04093869999633171,1.0
36,7,1,depolarizing,0.005,0.04094579999218695,0.9999999999999997
37,7,2,depolarizing,0.005,0.04098379999049939,1.0
38,7,3,depolarizing,0.005,0.04114240000490099,0.9999999999999993
39,7,4,depolarizing,0.005,0.041410100006032735,1.0
40,7,5,depolarizing,0.005,0.0413090999936685,1.0
41,7,6,depolarizing,0.005,0.04206720000365749,1.0
42,8,1,depolarizing,0.005,0.04170390000217594,1.0
43,8,2,depolarizing,0.005,0.0416659000038635,1.0
44,8,3,depolarizing,0.005,0.041224899992812425,1.0
45,8,4,depolarizing,0.005,0.041816099983407184,0.9999999999999996
46,8,5,depolarizing,0.005,0.041469499992672354,1.0
47,8,6,depolarizing,0.005,0.0412681000016164,1.0
48,9,1,depolarizing,0.005,0.041789600014453754,0.9999999999999997
49,9,2,depolarizing,0.005,0.04057199999806471,0.9975000000000004
50,9,3,depolarizing,0.005,0.0416001999983564,1.0
51,9,4,depolarizing,0.005,0.04161230000318028,0.9999999999999992
52,9,5,depolarizing,0.005,0.04147739999461919,0.9999999999999997
53,9,6,depolarizing,0.005,0.04184749998967163,0.9999999999999999
54,10,1,depolarizing,0.005,0.06950529999448918,1.0
55,10,2,depolarizing,0.005,0.04951480001909658,1.0
56,10,3,depolarizing,0.005,0.049803300003986806,0.9999999999999997
57,10,4,depolarizing,0.005,0.041867799998726696,1.0
58,10,5,depolarizing,0.005,0.042103500018129125,1.0
59,10,6,depolarizing,0.005,0.04083739998168312,0.9999999999999998
60,11,1,depolarizing,0.005,0.04123259999323636,1.0
61,11,2,depolarizing,0.005,0.041219100006856024,0.9999999999999999
62,11,3,depolarizing,0.005,0.04189679998671636,1.0
63,11,4,depolarizing,0.005,0.040652899973792955,0.9974999999999999
64,11,5,depolarizing,0.005,0.04189100000075996,1.0
65,11,6,depolarizing,0.005,0.04181349999271333,1.0
66,12,1,depolarizing,0.005,0.041824999992968515,1.0
67,12,2,depolarizing,0.005,0.041293100017355755,1.0
68,12,3,depolarizing,0.005,0.04112499998882413,1.0
69,12,4,depolarizing,0.005,0.041460700012976304,0.9999999999999998
70,12,5,depolarizing,0.005,0.04123030000482686,1.0
71,12,6,depolarizing,0.005,0.04170820000581443,1.0
72,13,1,depolarizing,0.005,0.04044969999813475,0.9975000000000007
73,13,2,depolarizing,0.005,0.04163280001375824,1.0
74,13,3,depolarizing,0.005,0.041441299981670454,1.0
75,13,4,depolarizing,0.005,0.04013070001383312,0.9975000000000005
76,13,5,depolarizing,0.005,0.04163560000597499,1.0
77,13,6,depolarizing,0.005,0.041050100000575185,1.0
78,14,1,depolarizing,0.005,0.041205799992894754,1.0
79,14,2,depolarizing,0.005,0.0431891999905929,0.9999999999999997
80,14,3,depolarizing,0.005,0.04157790000317618,1.0
81,14,4,depolarizing,0.005,0.0394222000031732,0.9974999999999998
82,14,5,depolarizing,0.005,0.040755199996056035,0.9999999999999999
83,14,6,depolarizing,0.005,0.04071190001559444,1.0
84,15,1,depolarizing,0.005,0.04135849999147467,0.9999999999999996
85,15,2,depolarizing,0.005,0.04099440001300536,1.0
86,15,3,depolarizing,0.005,0.04088879999471828,0.9999999999999994
87,15,4,depolarizing,0.005,0.04141179998987354,0.9999999999999993
88,15,5,depolarizing,0.005,0.04140370001550764,1.0
89,15,6,depolarizing,0.005,0.041408599994610995,0.9999999999999999
90,16,1,depolarizing,0.005,0.04248649999499321,1.0
91,16,2,depolarizing,0.005,0.04148040001746267,1.0
92,16,3,depolarizing,0.005,0.042374499986181036,1.0
93,16,4,depolarizing,0.005,0.041408599994610995,1.0
94,16,5,depolarizing,0.005,0.04159300000173971,0.9999999999999998
95,16,6,depolarizing,0.005,0.0413086999906227,0.9999999999999998
96,17,1,depolarizing,0.005,0.04146219999529421,0.9999999999999993
97,17,2,depolarizing,0.005,0.04204159998334944,1.0
98,17,3,depolarizing,0.005,0.04151449998607859,0.9999999999999996
99,17,4,depolarizing,0.005,0.04134250001516193,0.9999999999999994
100,17,5,depolarizing,0.005,0.04091120001976378,0.9974999999999996
101,17,6,depolarizing,0.005,0.04100180001114495,1.0
0,1,1,depolarizing,0.01,0.04319060000125319,0.9950000000000003
1,1,2,depolarizing,0.01,0.04305269999895245,1.0
2,1,3,depolarizing,0.01,0.046979300008388236,1.0
3,1,4,depolarizing,0.01,0.041021699988050386,0.9999999999999997
4,1,5,depolarizing,0.01,0.0411722999997437,0.9999999999999996
5,1,6,depolarizing,0.01,0.0410083000024315,1.0
6,2,1,depolarizing,0.01,0.04132519999984652,1.0
7,2,2,depolarizing,0.01,0.041500399995129555,1.0
8,2,3,depolarizing,0.01,0.041750599979422987,0.9999999999999993
9,2,4,depolarizing,0.01,0.04147900000680238,1.0
10,2,5,depolarizing,0.01,0.041327000013552606,1.0
11,2,6,depolarizing,0.01,0.07865979999769479,0.9999999999999997
12,3,1,depolarizing,0.01,0.04313360000378452,0.9999999999999994
13,3,2,depolarizing,0.01,0.041891900007613,1.0
14,3,3,depolarizing,0.01,0.042678400001022965,1.0
15,3,4,depolarizing,0.01,0.04196539998520166,1.0
16,3,5,depolarizing,0.01,0.04172589999507181,0.9999999999999993
17,3,6,depolarizing,0.01,0.04215569997904822,1.0
18,4,1,depolarizing,0.01,0.041430000012042,0.9999999999999998
19,4,2,depolarizing,0.01,0.04515160000300966,1.0
20,4,3,depolarizing,0.01,0.04427780001424253,1.0
21,4,4,depolarizing,0.01,0.04239200000301935,1.0
22,4,5,depolarizing,0.01,0.04174889999558218,1.0
23,4,6,depolarizing,0.01,0.0419015999941621,1.0
24,5,1,depolarizing,0.01,0.042896200000541285,0.9999999999999996
25,5,2,depolarizing,0.01,0.043592299974989146,0.9999999999999996
26,5,3,depolarizing,0.01,0.041679599991766736,0.9999999999999996
27,5,4,depolarizing,0.01,0.04181709999102168,1.0
28,5,5,depolarizing,0.01,0.04200190000119619,0.9999999999999997
29,5,6,depolarizing,0.01,0.04106809999211691,0.9999999999999998
30,6,1,depolarizing,0.01,0.04172619999735616,1.0
31,6,2,depolarizing,0.01,0.04179330001352355,1.0
32,6,3,depolarizing,0.01,0.041343599994434044,1.0
33,6,4,depolarizing,0.01,0.03951000000233762,0.9949999999999997
34,6,5,depolarizing,0.01,0.04188350000185892,1.0
35,6,6,depolarizing,0.01,0.04446259999531321,1.0
36,7,1,depolarizing,0.01,0.042007000010926276,0.9999999999999996
37,7,2,depolarizing,0.01,0.041027699975529686,1.0
38,7,3,depolarizing,0.01,0.04147110000485554,0.9999999999999994
39,7,4,depolarizing,0.01,0.04154839998227544,1.0
40,7,5,depolarizing,0.01,0.0410357000073418,1.0
41,7,6,depolarizing,0.01,0.04206080001313239,1.0
42,8,1,depolarizing,0.01,0.041187800001353025,1.0
43,8,2,depolarizing,0.01,0.04121870000381023,0.9999999999999999
44,8,3,depolarizing,0.01,0.04231610000715591,1.0
45,8,4,depolarizing,0.01,0.04165419997298159,0.9999999999999998
46,8,5,depolarizing,0.01,0.04151280000223778,0.9999999999999994
47,8,6,depolarizing,0.01,0.041073499975027516,0.9999999999999994
48,9,1,depolarizing,0.01,0.043905200000153854,0.9999999999999993
49,9,2,depolarizing,0.01,0.04217659999267198,0.9950000000000001
50,9,3,depolarizing,0.01,0.04099700000369921,1.0
51,9,4,depolarizing,0.01,0.04101340001216158,0.9999999999999993
52,9,5,depolarizing,0.01,0.04112750000786036,0.9999999999999998
53,9,6,depolarizing,0.01,0.04115020000608638,0.9999999999999999
54,10,1,depolarizing,0.01,0.04263619999983348,1.0
55,10,2,depolarizing,0.01,0.04152389999944717,1.0
56,10,3,depolarizing,0.01,0.04174419998889789,0.9999999999999993
57,10,4,depolarizing,0.01,0.04211030001170002,1.0
58,10,5,depolarizing,0.01,0.04157659999327734,1.0
59,10,6,depolarizing,0.01,0.04175589999067597,1.0
60,11,1,depolarizing,0.01,0.041365800017956644,1.0
61,11,2,depolarizing,0.01,0.04136830000788905,1.0
62,11,3,depolarizing,0.01,0.042085499997483566,1.0
63,11,4,depolarizing,0.01,0.04112519999034703,0.995
64,11,5,depolarizing,0.01,0.04136620002100244,0.9999999999999997
65,11,6,depolarizing,0.01,0.04155740002170205,1.0
66,12,1,depolarizing,0.01,0.04229800001485273,1.0
67,12,2,depolarizing,0.01,0.04186109997681342,1.0
68,12,3,depolarizing,0.01,0.04144100000848994,1.0
69,12,4,depolarizing,0.01,0.041616100003011525,0.9999999999999998
70,12,5,depolarizing,0.01,0.04136969998944551,1.0
71,12,6,depolarizing,0.01,0.04169869999168441,1.0
72,13,1,depolarizing,0.01,0.04221419998793863,0.9949999999999998
73,13,2,depolarizing,0.01,0.043753899983130395,1.0
74,13,3,depolarizing,0.01,0.04089820000808686,0.9999999999999999
75,13,4,depolarizing,0.01,0.03978419999475591,0.9950000000000003
76,13,5,depolarizing,0.01,0.04132349998690188,1.0
77,13,6,depolarizing,0.01,0.04129209998063743,1.0
78,14,1,depolarizing,0.01,0.04145869999774732,1.0
79,14,2,depolarizing,0.01,0.04166079999413341,1.0
80,14,3,depolarizing,0.01,0.04138540002168156,0.9999999999999997
81,14,4,depolarizing,0.01,0.040349399991100654,0.995
82,14,5,depolarizing,0.01,0.04203029998461716,1.0
83,14,6,depolarizing,0.01,0.04329080000752583,0.9999999999999996
84,15,1,depolarizing,0.01,0.04132749998825602,0.9999999999999998
85,15,2,depolarizing,0.01,0.04137069999706,0.9999999999999992
86,15,3,depolarizing,0.01,0.04139410000061616,0.9999999999999992
87,15,4,depolarizing,0.01,0.04138850001618266,0.9999999999999994
88,15,5,depolarizing,0.01,0.04118860000744462,0.9999999999999992
89,15,6,depolarizing,0.01,0.042048700008308515,1.0
90,16,1,depolarizing,0.01,0.04109719998086803,1.0
91,16,2,depolarizing,0.01,0.04157080000732094,1.0
92,16,3,depolarizing,0.01,0.04189100000075996,1.0
93,16,4,depolarizing,0.01,0.041518100013490766,1.0
94,16,5,depolarizing,0.01,0.040926999994553626,0.9999999999999996
95,16,6,depolarizing,0.01,0.04109630000311881,1.0
96,17,1,depolarizing,0.01,0.04194429999915883,0.9999999999999996
97,17,2,depolarizing,0.01,0.04389739999896847,1.0
98,17,3,depolarizing,0.01,0.040961199993034825,1.0
99,17,4,depolarizing,0.01,0.04116170000634156,0.999999999999999
100,17,5,depolarizing,0.01,0.039993700018385425,0.9949999999999993
101,17,6,depolarizing,0.01,0.04077999998116866,1.0
0,1,1,depolarizing,0.02,0.041373999993084,0.9900000000000007
1,1,2,depolarizing,0.02,0.042512399988481775,1.0
2,1,3,depolarizing,0.02,0.04410040000220761,1.0
3,1,4,depolarizing,0.02,0.041891800006851554,1.0
4,1,5,depolarizing,0.02,0.041169999982230365,0.9999999999999993
5,1,6,depolarizing,0.02,0.041246999986469746,1.0
6,2,1,depolarizing,0.02,0.041655900015030056,1.0
7,2,2,depolarizing,0.02,0.041405600000871345,1.0
8,2,3,depolarizing,0.02,0.04133680000086315,1.0
9,2,4,depolarizing,0.02,0.04220369999529794,1.0
10,2,5,depolarizing,0.02,0.04100359999574721,1.0
11,2,6,depolarizing,0.02,0.04194100000313483,0.9999999999999997
12,3,1,depolarizing,0.02,0.04174459999194369,1.0
13,3,2,depolarizing,0.02,0.04218839999521151,1.0
14,3,3,depolarizing,0.02,0.04200750001473352,0.9999999999999999
15,3,4,depolarizing,0.02,0.04231339998659678,1.0
16,3,5,depolarizing,0.02,0.041426300012972206,1.0
17,3,6,depolarizing,0.02,0.04137950000585988,1.0
18,4,1,depolarizing,0.02,0.042942000000039116,0.9999999999999998
19,4,2,depolarizing,0.02,0.043040000018663704,1.0
20,4,3,depolarizing,0.02,0.041755300015211105,1.0
21,4,4,depolarizing,0.02,0.04203149999375455,0.9999999999999999
22,4,5,depolarizing,0.02,0.0416032999928575,1.0
23,4,6,depolarizing,0.02,0.04165949998423457,1.0
24,5,1,depolarizing,0.02,0.04192750001675449,1.0
25,5,2,depolarizing,0.02,0.04307179999887012,1.0
26,5,3,depolarizing,0.02,0.04219209999428131,1.0
27,5,4,depolarizing,0.02,0.041743399982806295,1.0
28,5,5,depolarizing,0.02,0.04362399998353794,0.9999999999999996
29,5,6,depolarizing,0.02,0.042462000012164935,0.9999999999999998
30,6,1,depolarizing,0.02,0.0424660999851767,0.9999999999999998
31,6,2,depolarizing,0.02,0.04180909998831339,1.0
32,6,3,depolarizing,0.02,0.04093789999024011,1.0
33,6,4,depolarizing,0.02,0.04054280000855215,0.9899999999999998
34,6,5,depolarizing,0.02,0.04189819999737665,1.0
35,6,6,depolarizing,0.02,0.041687400022055954,1.0
36,7,1,depolarizing,0.02,0.04231489999801852,0.9999999999999998
37,7,2,depolarizing,0.02,0.041273699986049905,0.9999999999999998
38,7,3,depolarizing,0.02,0.041478200000710785,0.9999999999999997
39,7,4,depolarizing,0.02,0.04165790000115521,0.9999999999999999
40,7,5,depolarizing,0.02,0.04085790002136491,1.0
41,7,6,depolarizing,0.02,0.04112929999246262,1.0
42,8,1,depolarizing,0.02,0.05856070001027547,1.0
43,8,2,depolarizing,0.02,0.04356819999520667,1.0
44,8,3,depolarizing,0.02,0.041638399998191744,1.0
45,8,4,depolarizing,0.02,0.04116740002064034,0.9999999999999999
46,8,5,depolarizing,0.02,0.041215900011593476,0.9999999999999999
47,8,6,depolarizing,0.02,0.04111890000058338,0.9999999999999999
48,9,1,depolarizing,0.02,0.04131050000432879,1.0
49,9,2,depolarizing,0.02,0.04120810001040809,0.9900000000000002
50,9,3,depolarizing,0.02,0.041336000023875386,1.0
51,9,4,depolarizing,0.02,0.04142839999985881,0.9999999999999998
52,9,5,depolarizing,0.02,0.04156049998709932,0.9999999999999998
53,9,6,depolarizing,0.02,0.04102529998635873,0.9999999999999999
54,10,1,depolarizing,0.02,0.041432199999690056,1.0
55,10,2,depolarizing,0.02,0.04170000000158325,1.0
56,10,3,depolarizing,0.02,0.04178589998628013,0.9999999999999998
57,10,4,depolarizing,0.02,0.05803889999515377,1.0
58,10,5,depolarizing,0.02,0.04243770000175573,1.0
59,10,6,depolarizing,0.02,0.04158540000207722,1.0
60,11,1,depolarizing,0.02,0.0414081999915652,1.0
61,11,2,depolarizing,0.02,0.04139150000992231,0.9999999999999998
62,11,3,depolarizing,0.02,0.04218540000147186,0.9999999999999997
63,11,4,depolarizing,0.02,0.03997539999545552,0.9900000000000001
64,11,5,depolarizing,0.02,0.04179759998805821,0.9999999999999999
65,11,6,depolarizing,0.02,0.04244230000767857,1.0
66,12,1,depolarizing,0.02,0.04156910002348013,0.9999999999999999
67,12,2,depolarizing,0.02,0.048335100000258535,1.0
68,12,3,depolarizing,0.02,0.041144899994833395,1.0
69,12,4,depolarizing,0.02,0.04088009998667985,0.9999999999999999
70,12,5,depolarizing,0.02,0.04105780000099912,0.9999999999999998
71,12,6,depolarizing,0.02,0.04158459999598563,1.0
72,13,1,depolarizing,0.02,0.040956799988634884,0.9899999999999992
73,13,2,depolarizing,0.02,0.04164969999692403,1.0
74,13,3,depolarizing,0.02,0.04291429999284446,1.0
75,13,4,depolarizing,0.02,0.039805600012186915,0.9900000000000002
76,13,5,depolarizing,0.02,0.04322340001817793,1.0
77,13,6,depolarizing,0.02,0.04236990000936203,1.0
78,14,1,depolarizing,0.02,0.042454800015548244,1.0
79,14,2,depolarizing,0.02,0.04230450000613928,0.9999999999999996
80,14,3,depolarizing,0.02,0.04167790000792593,0.9999999999999996
81,14,4,depolarizing,0.02,0.03992160002235323,0.9900000000000003
82,14,5,depolarizing,0.02,0.04264550001244061,1.0
83,14,6,depolarizing,0.02,0.041281100013293326,1.0
84,15,1,depolarizing,0.02,0.041347699996549636,0.9999999999999993
85,15,2,depolarizing,0.02,0.04216630000155419,0.9999999999999996
86,15,3,depolarizing,0.02,0.04116190000786446,0.9999999999999989
87,15,4,depolarizing,0.02,0.04148049998912029,0.9999999999999997
88,15,5,depolarizing,0.02,0.041128800017759204,0.9999999999999994
89,15,6,depolarizing,0.02,0.042362800013506785,1.0
90,16,1,depolarizing,0.02,0.041629399987868965,1.0
91,16,2,depolarizing,0.02,0.04160250001586974,1.0
92,16,3,depolarizing,0.02,0.0418729999801144,0.9999999999999999
93,16,4,depolarizing,0.02,0.041753800003789365,1.0
94,16,5,depolarizing,0.02,0.04095039999810979,0.9999999999999999
95,16,6,depolarizing,0.02,0.041881399985868484,0.9999999999999999
96,17,1,depolarizing,0.02,0.04259769999771379,0.9999999999999997
97,17,2,depolarizing,0.02,0.04202530000475235,1.0
98,17,3,depolarizing,0.02,0.04130870001972653,1.0
99,17,4,depolarizing,0.02,0.04159360000630841,0.9999999999999998
100,17,5,depolarizing,0.02,0.04069369999342598,0.99
101,17,6,depolarizing,0.02,0.04179889999795705,1.0
0,1,1,depolarizing,0.05,0.04222319999826141,0.9750000000000008
1,1,2,depolarizing,0.05,0.04185880001750775,1.0
2,1,3,depolarizing,0.05,0.043038400006480515,1.0
3,1,4,depolarizing,0.05,0.04121949998079799,1.0
4,1,5,depolarizing,0.05,0.04242310000699945,0.9999999999999994
5,1,6,depolarizing,0.05,0.04325680001056753,1.0
6,2,1,depolarizing,0.05,0.041249900008551776,1.0
7,2,2,depolarizing,0.05,0.04159310000250116,1.0
8,2,3,depolarizing,0.05,0.042091799987247214,1.0
9,2,4,depolarizing,0.05,0.04143129999283701,1.0
10,2,5,depolarizing,0.05,0.04148469999199733,1.0
11,2,6,depolarizing,0.05,0.04234729998279363,0.9999999999999998
12,3,1,depolarizing,0.05,0.04172589999507181,0.9999999999999999
13,3,2,depolarizing,0.05,0.04185799998231232,1.0
14,3,3,depolarizing,0.05,0.04315049998695031,1.0
15,3,4,depolarizing,0.05,0.041594000009354204,1.0
16,3,5,depolarizing,0.05,0.04200750001473352,1.0
17,3,6,depolarizing,0.05,0.04215059999842197,1.0
18,4,1,depolarizing,0.05,0.0431799000070896,1.0
19,4,2,depolarizing,0.05,0.04287150001619011,1.0
20,4,3,depolarizing,0.05,0.042204400000628084,1.0
21,4,4,depolarizing,0.05,0.041691699996590614,1.0
22,4,5,depolarizing,0.05,0.042586600000504404,1.0
23,4,6,depolarizing,0.05,0.04245959999389015,1.0
24,5,1,depolarizing,0.05,0.042410199996083975,1.0
25,5,2,depolarizing,0.05,0.041927300015231594,1.0
26,5,3,depolarizing,0.05,0.043343500001356006,1.0
27,5,4,depolarizing,0.05,0.0416906000173185,0.9999999999999999
28,5,5,depolarizing,0.05,0.04227650002576411,0.9999999999999999
29,5,6,depolarizing,0.05,0.04193800000939518,0.9999999999999999
30,6,1,depolarizing,0.05,0.0416685999953188,1.0
31,6,2,depolarizing,0.05,0.041694699990330264,0.9999999999999999
32,6,3,depolarizing,0.05,0.041229499998735264,1.0
33,6,4,depolarizing,0.05,0.03991459999815561,0.9749999999999995
34,6,5,depolarizing,0.05,0.04194869997445494,1.0
35,6,6,depolarizing,0.05,0.04147120000561699,1.0
36,7,1,depolarizing,0.05,0.04118979998747818,0.9999999999999998
37,7,2,depolarizing,0.05,0.041461799992248416,1.0
38,7,3,depolarizing,0.05,0.04156339998007752,0.9999999999999999
39,7,4,depolarizing,0.05,0.04097540001384914,0.9999999999999998
40,7,5,depolarizing,0.05,0.04157380000106059,1.0
41,7,6,depolarizing,0.05,0.04166379998787306,1.0
42,8,1,depolarizing,0.05,0.04188160001649521,1.0
43,8,2,depolarizing,0.05,0.041546199994627386,1.0
44,8,3,depolarizing,0.05,0.04142530000535771,1.0
45,8,4,depolarizing,0.05,0.04120390000753105,0.9999999999999997
46,8,5,depolarizing,0.05,0.04143170002498664,1.0
47,8,6,depolarizing,0.05,0.04161280000698753,0.9999999999999998
48,9,1,depolarizing,0.05,0.04195709998020902,0.9999999999999999
49,9,2,depolarizing,0.05,0.04091199999675155,0.9750000000000005
50,9,3,depolarizing,0.05,0.04189959997893311,1.0
51,9,4,depolarizing,0.05,0.04200490002403967,0.9999999999999993
52,9,5,depolarizing,0.05,0.0416376999928616,0.9999999999999998
53,9,6,depolarizing,0.05,0.04144470000755973,1.0
54,10,1,depolarizing,0.05,0.040942100022220984,1.0
55,10,2,depolarizing,0.05,0.041398300003493205,0.9999999999999996
56,10,3,depolarizing,0.05,0.041575899987947196,0.9999999999999996
57,10,4,depolarizing,0.05,0.04145570000400767,1.0
58,10,5,depolarizing,0.05,0.04163770002196543,1.0
59,10,6,depolarizing,0.05,0.04135770001448691,1.0
60,11,1,depolarizing,0.05,0.04132639997988008,1.0
61,11,2,depolarizing,0.05,0.041802799998549744,0.9999999999999997
62,11,3,depolarizing,0.05,0.04301980001037009,0.9999999999999998
63,11,4,depolarizing,0.05,0.04088919999776408,0.9750000000000001
64,11,5,depolarizing,0.05,0.041405299998587,0.9999999999999997
65,11,6,depolarizing,0.05,0.04162370000267401,1.0
66,12,1,depolarizing,0.05,0.04142369999317452,1.0
67,12,2,depolarizing,0.05,0.04198259999975562,1.0
68,12,3,depolarizing,0.05,0.041247300017857924,1.0
69,12,4,depolarizing,0.05,0.04137849999824539,0.9999999999999996
70,12,5,depolarizing,0.05,0.041276499978266656,1.0
71,12,6,depolarizing,0.05,0.041242900013457984,0.9999999999999998
72,13,1,depolarizing,0.05,0.04105859997798689,0.9750000000000003
73,13,2,depolarizing,0.05,0.041820699989330024,1.0
74,13,3,depolarizing,0.05,0.04134160000830889,0.9999999999999997
75,13,4,depolarizing,0.05,0.0420567000110168,0.9750000000000004
76,13,5,depolarizing,0.05,0.04117280000355095,1.0
77,13,6,depolarizing,0.05,0.041721399989910424,1.0
78,14,1,depolarizing,0.05,0.04131579998647794,0.9999999999999993
79,14,2,depolarizing,0.05,0.04220669998903759,1.0
80,14,3,depolarizing,0.05,0.0416652999992948,0.9999999999999999
81,14,4,depolarizing,0.05,0.039854300004662946,0.9750000000000006
82,14,5,depolarizing,0.05,0.04154519998701289,1.0
83,14,6,depolarizing,0.05,0.041410000005271286,0.9999999999999998
84,15,1,depolarizing,0.05,0.040921200008597225,1.0
85,15,2,depolarizing,0.05,0.04137409999384545,1.0
86,15,3,depolarizing,0.05,0.04524219999439083,0.9999999999999992
87,15,4,depolarizing,0.05,0.04116180000710301,0.9999999999999993
88,15,5,depolarizing,0.05,0.04137479999917559,0.9999999999999991
89,15,6,depolarizing,0.05,0.04132829999434762,1.0
90,16,1,depolarizing,0.05,0.043112599989399314,0.9999999999999999
91,16,2,depolarizing,0.05,0.04451480001443997,1.0
92,16,3,depolarizing,0.05,0.041428099997574463,1.0
93,16,4,depolarizing,0.05,0.0419572000100743,1.0
94,16,5,depolarizing,0.05,0.04104180002468638,1.0
95,16,6,depolarizing,0.05,0.041359800001373515,0.9999999999999996
96,17,1,depolarizing,0.05,0.04189639998367056,0.9999999999999991
97,17,2,depolarizing,0.05,0.041311000008136034,1.0
98,17,3,depolarizing,0.05,0.041642500000307336,1.0
99,17,4,depolarizing,0.05,0.041469399991910905,0.9999999999999991
100,17,5,depolarizing,0.05,0.04032379999989644,0.9750000000000003
101,17,6,depolarizing,0.05,0.04127010001684539,1.0
