configuration,mpi_ranks,nodes,ranks_per_node,segments,min_windows_per_segment,max_windows_per_segment,mean_windows_per_segment,real_windows,features,qubits,kernel_pairs,pairs_per_process,mean_runtime_seconds,std_runtime_seconds,min_runtime_seconds,max_runtime_seconds,speedup_vs_1rank,parallel_efficiency_percent,change_vs_128r_1n_percent
1r_1n,1,1,1.0,102,7,27,13.764705882352942,1404,8,8,986310,986310.0,4.198034283146262,0.0150596337832785,4.1804422189015895,4.213570452993736,1.0,100.0,
8r_1n,8,1,8.0,102,7,27,13.764705882352942,1404,8,8,986310,123288.75,0.8187605564016849,0.0066863186801995,0.8094837141688913,0.8283244229387492,5.127304008873995,64.09130011092495,
16r_1n,16,1,16.0,102,7,27,13.764705882352942,1404,8,8,986310,61644.375,0.5650912548881024,0.0047618992657404,0.562368042068556,0.5735256220214069,7.428949301254969,46.430933132843556,
32r_1n,32,1,32.0,102,7,27,13.764705882352942,1404,8,8,986310,30822.1875,0.4486281516030431,0.0046054477825155,0.4447229970246553,0.4552507500629872,9.357491874163044,29.242162106759512,
64r_1n,64,1,64.0,102,7,27,13.764705882352942,1404,8,8,986310,15411.09375,0.4378523360006511,0.0025912812832283,0.4351346150506288,0.4413113878108561,9.587785511186627,14.980914861229106,
128r_1n,128,1,128.0,102,7,27,13.764705882352942,1404,8,8,986310,7705.546875,0.3784367471933365,0.0057706333653068,0.3739860509522259,0.387640920933336,11.093093665667627,8.666479426302834,0.0
128r_2n,128,2,64.0,102,7,27,13.764705882352942,1404,8,8,986310,7705.546875,0.3897141637746245,0.0074203948000759,0.3847667439840734,0.4026980819180608,10.772085475379402,8.415691777640157,2.9800004003116998
128r_4n,128,4,32.0,102,7,27,13.764705882352942,1404,8,8,986310,7705.546875,0.3690757235977798,0.0020653931805578,0.3669879089575261,0.3720563510432839,11.374452489650325,8.886291007539317,-2.4736032282759
128r_8n,128,8,16.0,102,7,27,13.764705882352942,1404,8,8,986310,7705.546875,0.3670112120453268,0.0021334265651139,0.364749456057325,0.3692472360562533,11.438436062350581,8.936278173711392,-3.019139983827368
128r_16n,128,16,8.0,102,7,27,13.764705882352942,1404,8,8,986310,7705.546875,0.3654810034204274,0.0049243491175003,0.3617461430840194,0.373492965940386,11.486326905798427,8.97369289515502,-3.4234898880711073
