qubits,backend,runs,mean_seconds,std_seconds,median_seconds,min_seconds,max_seconds
4,cpu_statevector,5,0.5490840574726462,0.0039833147986104425,0.5494704940356314,0.54356983397156,0.5528035541065037
4,gpu_statevector,5,0.5572655338793993,0.0015963814100623593,0.556946009863168,0.5556611088104546,0.5594978886656463
4,gpu_tensor_network,5,0.6221835092641413,0.028795738353173173,0.6118431496433914,0.6049393392167985,0.6733852862380445
6,cpu_statevector,5,0.5620083913207055,0.0016613662337616926,0.5619037537835538,0.5601371279917657,0.5644630407914519
6,gpu_statevector,5,0.5724633776582777,0.0013362997310283867,0.5722134122624993,0.5706325229257345,0.574010772164911
6,gpu_tensor_network,5,0.6352682662196457,0.006488452921470039,0.6334207556210458,0.6301502948626876,0.6466058846563101
8,cpu_statevector,5,0.5587063662707805,0.002296096236937437,0.5584337976761162,0.5558154690079391,0.5618938473053277
8,gpu_statevector,5,0.5721374250017106,0.000591144970233592,0.5721332947723567,0.5714348810724914,0.5729940920136869
8,gpu_tensor_network,5,0.6512271117419004,0.002099304044611111,0.6515146121382713,0.6481719701550901,0.6533453320153058
10,cpu_statevector,5,0.5656516327522695,0.0034005862661263355,0.5652846819721162,0.5612752670422196,0.5700701847672462
10,gpu_statevector,5,0.5692827655933798,0.003166382450491661,0.5685299900360405,0.5652781222015619,0.5735920490697026
10,gpu_tensor_network,5,0.6736636751331389,0.004673850742509856,0.6723816930316389,0.6704740077257156,0.6818947768770158
12,cpu_statevector,5,0.5728701093234122,0.0032551434585375307,0.5725064598955214,0.5692694294266403,0.5780432848259807
12,gpu_statevector,5,0.577335684094578,0.001734189370907466,0.5772396358661354,0.5750023508444428,0.5795396366156638
12,gpu_tensor_network,5,0.6987486449070275,0.004158880823893674,0.7004156322218478,0.691799970343709,0.7024035770446062
14,cpu_statevector,5,0.5888683100230991,0.0029900588274603813,0.5887296218425035,0.5849508922547102,0.5923177902586758
14,gpu_statevector,5,0.5907826107926667,0.02724530721970886,0.5793975437991321,0.5758258942514658,0.6394335837103426
14,gpu_tensor_network,5,0.7217959361150861,0.003457257430281731,0.7213856936432421,0.717541703954339,0.7270251479931176
16,cpu_statevector,5,0.6346929360181093,0.0025054864614652912,0.634781186003238,0.6316446461714804,0.6382587873376906
16,gpu_statevector,5,0.594700526446104,0.003485157919849545,0.5953981908969581,0.5912247849628329,0.5998043441213667
16,gpu_tensor_network,5,0.8257227304391563,0.0030511952749047917,0.8246106170117855,0.82245470630005,0.8291976009495556
