qubits,backend,cpu_mean_seconds,accelerator_mean_seconds,speedup_vs_cpu
4,gpu_statevector,0.5490840574726462,0.5572655338793993,0.9853185314551973
4,gpu_tensor_network,0.5490840574726462,0.6221835092641413,0.8825114283759302
6,gpu_statevector,0.5620083913207055,0.5724633776582777,0.9817368468523883
6,gpu_tensor_network,0.5620083913207055,0.6352682662196457,0.8846788375958159
8,gpu_statevector,0.5587063662707805,0.5721374250017106,0.9765247680993951
8,gpu_tensor_network,0.5587063662707805,0.6512271117419004,0.8579286030895648
10,gpu_statevector,0.5656516327522695,0.5692827655933798,0.9936215654845524
10,gpu_tensor_network,0.5656516327522695,0.6736636751331389,0.8396647372154621
12,gpu_statevector,0.5728701093234122,0.577335684094578,0.9922652022139095
12,gpu_tensor_network,0.5728701093234122,0.6987486449070275,0.8198514780656725
14,gpu_statevector,0.5888683100230991,0.5907826107926667,0.9967597205222424
14,gpu_tensor_network,0.5888683100230991,0.7217959361150861,0.8158376634711443
16,gpu_statevector,0.6346929360181093,0.594700526446104,1.0672479807794986
16,gpu_tensor_network,0.6346929360181093,0.8257227304391563,0.7686514039410677
